,elements,counts,charges,total_charge,formula
0,"['Mg', 'Se', 'S', 'P']","[3, 10, 3, 4]","[2, -2, -2, 5]",0,Mg3P4Se10S3
1,"['Rb', 'C', 'O']","[2, 1, 3]","[1, 4, -2]",0,Rb2CO3
2,"['Cl', 'N', 'H']","[1, 1, 4]","[-1, -3, 1]",0,H4NCl
3,"['Ag', 'S']","[2, 1]","[1, -2]",0,Ag2S
4,"['Ca', 'O']","[2, 3]","[2.0, -2.0]",-2,Ca2O3
5,"['Nb', 'Nb', 'S', 'C']","[1, 1, 1, 1]","[2.0, 4.0, -2.0, -4.0]",0,Nb2CS
6,"['Mo', 'N', 'O', 'H']","[7, 6, 24, 24]","[6, -3, -2, 1]",0,Mo7H24(NO4)6
7,"['Cr', 'N', 'O']","[1, 3, 9]","[3, 5, -2]",0,Cr(NO3)3
8,"['Dy', 'F']","[1, 3]","[3, -1]",0,DyF3
9,"['O', 'Ho']","[1, 1]","[-2.0, 0.0]",-2,HoO
10,['Re'],[1],[0],0,Re
11,"['O', 'P', 'H']","[4, 1, 2]","[-2.0, 0.0, 0.0]",-8,P(HO2)2
12,"['Dy', 'N', 'O']","[1, 3, 9]","[3, 5, -2]",0,Dy(NO3)3
13,['P'],[1],[0],0,P
14,"['Tb', 'N', 'O']","[1, 3, 9]","[3, 5, -2]",0,Tb(NO3)3
15,"['O', 'C', 'C', 'H', 'Al']","[4, 1, 1, 5, 1]","[-2.0, 4.0, -4.0, 1, 3.0]",0,AlH5(CO2)2
16,"['Eu', 'F']","[1, 3]","[3, -1]",0,EuF3
17,"['Ba', 'O']","[1, 1]","[2, -2]",0,BaO
18,"['Zn', 'P', 'O']","[1, 2, 6]","[2, 5, -2]",0,Zn(PO3)2
19,['C'],[1],[0],0,C
20,"['Cl', 'Ti']","[3, 1]","[-1, 3.0]",0,TiCl3
21,"['Te', 'O']","[1, 2]","[4, -2]",0,TeO2
22,"['Cd', 'C', 'O']","[1, 1, 3]","[2, 4, -2]",0,CdCO3
23,"['Mg', 'N', 'H']","[1, 2, 4]","[2, -3, 1]",0,Mg(H2N)2
24,"['Al', 'P', 'O']","[1, 3, 9]","[3, 5, -2]",0,Al(PO3)3
25,"['K', 'P', 'O', 'H']","[1, 1, 4, 2]","[1, 5, -2, 1]",0,KP(HO2)2
26,['Fe'],[1],[0],0,Fe
27,"['O', 'Bi']","[5, 2]","[-2.0, 5.0]",0,Bi2O5
28,"['Cu', 'Se']","[1, 1]","[2, -2]",0,CuSe
29,"['Ce', 'C', 'O']","[2, 3, 9]","[3, 4, -2]",0,Ce2(CO3)3
30,"['Mo', 'O']","[1, 3]","[6, -2]",0,MoO3
31,"['Tm', 'Cl']","[1, 3]","[3, -1]",0,TmCl3
32,"['O', 'Cu', 'C', 'C', 'H']","[4, 1, 2, 2, 6]","[-2.0, 2.0, 4.0, -4.0, 1]",0,CuH6(CO)4
33,"['Cd', 'I']","[1, 2]","[2, -1]",0,CdI2
34,"['Ti', 'H']","[1, 2]","[2.0, -1]",0,TiH2
35,"['Tl', 'Br']","[1, 1]","[1, -1]",0,TlBr
36,"['Ni', 'Br']","[1, 2]","[2, -1]",0,NiBr2
37,"['Li', 'N', 'O']","[1, 1, 3]","[1, 5, -2]",0,LiNO3
38,"['O', 'Co', 'N']","[3, 1, 1]","[-2.0, 3.0, 3.0]",0,CoNO3
39,"['N', 'H', 'F']","[1, 5, 2]","[-3, 1, -1]",0,H5NF2
40,"['Mg', 'O']","[1, 1]","[2, -2]",0,MgO
41,"['Na', 'S', 'S']","[2, 1, 2]","[1, 2.0, -2.0]",0,Na2S3
42,"['Cd', 'Cl']","[1, 2]","[2, -1]",0,CdCl2
43,"['Y', 'O']","[2, 3]","[3, -2]",0,Y2O3
44,"['Cd', 'S']","[1, 1]","[2.0, -2.0]",0,CdS
45,"['O', 'Sn', 'C', 'C']","[4, 1, 1, 1]","[-2.0, 2.0, 2.0, 4.0]",0,Sn(CO2)2
46,"['Na', 'P', 'O', 'H']","[1, 1, 4, 2]","[1, 5, -2, 1]",0,NaP(HO2)2
47,"['Cs', 'Br']","[1, 1]","[1, -1]",0,CsBr
48,"['Tm', 'O', 'F']","[1, 1, 1]","[3, -2, -1]",0,TmOF
49,"['Sb', 'Se']","[2, 3]","[3.0, -2.0]",0,Sb2Se3
50,"['Eu', 'F']","[1, 2]","[2, -1]",0,EuF2
51,"['O', 'Cr', 'N']","[6, 1, 2]","[-2.0, 2.0, 5.0]",0,Cr(NO3)2
52,"['Ti', 'C', 'O', 'H']","[1, 16, 4, 36]","[4, -2, -2, 1]",0,TiH36(C4O)4
53,"['O', 'Mn', 'C', 'C', 'H']","[3, 1, 1, 1, 3]","[-2.0, 2.0, 4.0, -3.0, 1]",0,MnH3C2O3
54,"['Cu', 'C', 'O']","[1, 1, 3]","[4, 2, -2]",0,CuCO3
55,"['O', 'Te', 'Te']","[1, 1, 1]","[-2.0, -2.0, 4.0]",0,Te2O
56,"['O', 'Mn']","[7, 2]","[-2.0, 7.0]",0,Mn2O7
57,"['K', 'P', 'O']","[3, 1, 4]","[1, 5, -2]",0,K3PO4
58,"['Li', 'P', 'O']","[7, 5, 16]","[1, 5, -2]",0,Li7P5O16
59,"['Al', 'Br']","[1, 3]","[3, -1]",0,AlBr3
60,"['Eu', 'O']","[2, 3]","[3, -2]",0,Eu2O3
61,"['As', 'N', 'O', 'H']","[1, 2, 4, 9]","[5, -3, -2, 1]",0,AsH9(NO2)2
62,"['Np', 'O']","[1, 2]","[0.0, -2.0]",-4,NpO2
63,"['B', 'O', 'H']","[1, 3, 3]","[3, -2, 1]",0,B(HO)3
64,"['La', 'N', 'O', 'H']","[1, 3, 15, 12]","[3, 5, -2, 1]",0,La(NO3)3.6H2O
65,"['Ba', 'C', 'O']","[1, 1, 3]","[2, 4, -2]",0,BaCO3
66,"['Mo', 'Se']","[1, 2]","[4, -2]",0,MoSe2
67,"['Pr', 'O']","[2, 3]","[3, -2]",0,Pr2O3
68,"['Ca', 'P', 'O']","[2, 2, 7]","[2, 5, -2]",0,Ca2P2O7
69,"['Pb', 'Se']","[1, 1]","[2.0, -2.0]",0,PbSe
70,"['O', 'Ti']","[3, 1]","[-2.0, 0.0]",-6,TiO3
71,"['Re', 'O']","[2, 3]","[3, -2]",0,Re2O3
72,['Dy'],[1],[0],0,Dy
73,"['P', 'N', 'O', 'H']","[3, 2, 12, 9]","[3, 3, -2, 1]",0,P3H9(NO6)2
74,"['O', 'La', 'La', 'N']","[3, 1, 1, 1]","[-2.0, 2.0, 3.0, 1]",0,La2NO3
75,"['Ag', 'Br']","[1, 1]","[1, -1]",0,AgBr
76,"['La', 'O', 'H']","[1, 3, 3]","[3, -2, 1]",0,La(HO)3
77,"['Tl', 'Cl']","[1, 1]","[1, -1]",0,TlCl
78,"['Fe', 'C', 'O']","[2, 1, 3]","[2, 2, -2]",0,Fe2CO3
79,"['Se', 'O']","[1, 2]","[4, -2]",0,SeO2
80,['Na'],[1],[0],0,Na
81,['Mo'],[1],[0],0,Mo
82,"['Fe', 'Cl']","[1, 3]","[3, -1]",0,FeCl3
83,['Gd'],[1],[0],0,Gd
84,['Pr'],[1],[0],0,Pr
85,"['Na', 'O', 'H']","[1, 1, 1]","[1, -2, 1]",0,NaHO
86,"['Rb', 'S', 'S']","[2, 1, 2]","[1, 2.0, -2.0]",0,Rb2S3
87,"['O', 'Cd', 'C', 'C', 'H']","[4, 1, 2, 2, 6]","[-2.0, 2.0, 4.0, -4.0, 1]",0,CdH6(CO)4
88,"['Ca', 'O', 'H']","[1, 2, 2]","[2, -2, 1]",0,Ca(HO)2
89,"['Os', 'O']","[1, 2]","[4, -2]",0,OsO2
90,"['Cl', 'Ti', 'N', 'H']","[3, 1, 5, 15]","[-1, 3.0, -3.0, 1]",0,TiH15N5Cl3
91,"['Ce', 'Cl']","[1, 3]","[3, -1]",0,CeCl3
92,"['S', 'P']","[5, 2]","[-2, 5]",0,P2S5
93,"['Al', 'H']","[1, 3]","[3.0, -1]",0,AlH3
94,"['Li', 'Se']","[2, 1]","[1, -2]",0,Li2Se
95,"['Y', 'S']","[2, 3]","[3, -2]",0,Y2S3
96,"['Pb', 'F']","[1, 4]","[4, -1]",0,PbF4
97,"['Cu', 'N', 'O']","[1, 2, 6]","[2, 5, -2]",0,Cu(NO3)2
98,"['Ti', 'S']","[1, 2]","[4, -2]",0,TiS2
99,"['O', 'Mn', 'Mn']","[4, 2, 1]","[-2.0, 2.0, 4.0]",0,Mn3O4
100,"['Bi', 'P', 'O']","[1, 3, 9]","[3, 5, -2]",0,Bi(PO3)3
101,"['Sr', 'P', 'O']","[3, 2, 8]","[2, 5, -2]",0,Sr3(PO4)2
102,"['Sr', 'N']","[3, 2]","[2, -3]",0,Sr3N2
103,"['Rb', 'F']","[1, 1]","[1, -1]",0,RbF
104,"['In', 'F']","[1, 3]","[3, -1]",0,InF3
105,"['Co', 'C', 'O']","[1, 3, 6]","[3, 3, -2]",0,Co(CO2)3
106,"['Cd', 'O']","[1, 1]","[2, -2]",0,CdO
107,"['Bi', 'N', 'O']","[1, 1, 3]","[3, 3, -2]",0,BiNO3
108,['Sb'],[1],[0],0,Sb
109,"['Li', 'O', 'H']","[1, 1, 1]","[1, -2, 1]",0,LiHO
110,"['Cu', 'O', 'H']","[1, 2, 2]","[2, -2, 1]",0,Cu(HO)2
111,"['Ga', 'N']","[1, 1]","[3, -3]",0,GaN
112,"['Lu', 'S']","[2, 3]","[3, -2]",0,Lu2S3
113,"['Pb', 'N', 'O']","[1, 2, 6]","[2, 5, -2]",0,Pb(NO3)2
114,"['O', 'Pb', 'Pb']","[3, 1, 1]","[-2.0, 2.0, 4.0]",0,Pb2O3
115,"['Co', 'F']","[1, 2]","[2, -1]",0,CoF2
116,"['Ta', 'O']","[2, 5]","[5, -2]",0,Ta2O5
117,"['Ca', 'P', 'O']","[3, 2, 8]","[2, 5, -2]",0,Ca3(PO4)2
118,"['Th', 'O']","[1, 2]","[4, -2]",0,ThO2
119,['Sr'],[1],[0],0,Sr
120,"['U', 'O']","[1, 2]","[4, -2]",0,UO2
121,"['Rb', 'N', 'O']","[1, 1, 3]","[1, 5, -2]",0,RbNO3
122,"['Cu', 'S']","[1, 1]","[2.0, -2.0]",0,CuS
123,"['Nd', 'Cl']","[1, 3]","[3, -1]",0,NdCl3
124,"['Cs', 'P', 'O', 'H']","[1, 1, 4, 2]","[1, 5, -2, 1]",0,CsP(HO2)2
125,"['O', 'Al', 'N']","[1, 1, 1]","[-2.0, 3.0, -1]",0,AlNO
126,"['Li', 'O', 'C']","[1, 3, 1]","[1, -2.0, 0.0]",-5,LiCO3
127,"['O', 'Fe']","[1, 2]","[-2.0, 0.0]",-2,Fe2O
128,"['O', 'Mn', 'C']","[3, 2, 1]","[-2.0, 2.0, 2.0]",0,Mn2CO3
129,"['Tl', 'F']","[1, 1]","[1, -1]",0,TlF
130,"['Sm', 'O']","[2, 3]","[3, -2]",0,Sm2O3
131,"['O', 'La', 'C', 'C', 'H']","[6, 1, 3, 3, 9]","[-2.0, 3.0, 4.0, -4.0, 1]",0,LaH9(CO)6
132,"['Ca', 'N', 'O']","[1, 2, 6]","[2, 5, -2]",0,Ca(NO3)2
133,"['Re', 'Cl']","[1, 5]","[5, -1]",0,ReCl5
134,"['Sb', 'O']","[2, 3]","[3, -2]",0,Sb2O3
135,['Ho'],[1],[0],0,Ho
136,"['Ag', 'O']","[2, 1]","[1, -2]",0,Ag2O
137,"['Li', 'P', 'O']","[940126422213591/562949953421312, 1, 1874623344892969/562949953421312]","[1, 5, -2]",5629499534213/562949953421312,Li1.67PO3.33
138,"['Hg', 'Cl']","[1, 1]","[1, -1]",0,HgCl
139,"['Zn', 'N']","[3, 2]","[2, -3]",0,Zn3N2
140,"['Co', 'S']","[1, 1]","[2.0, -2.0]",0,CoS
141,"['La', 'C', 'O']","[1, 3, 6]","[3, 3, -2]",0,La(CO2)3
142,"['Bi', 'O', 'H']","[1, 3, 3]","[3, -2, 1]",0,Bi(HO)3
143,"['In', 'N', 'O']","[1, 3, 9]","[3, 5, -2]",0,In(NO3)3
144,"['Cs', 'Se']","[2, 1]","[1, -2]",0,Cs2Se
145,"['O', 'Tb', 'Tb']","[7, 2, 2]","[-2.0, 3.0, 4.0]",0,Tb4O7
146,"['Ce', 'N', 'O']","[1, 3, 9]","[3, 5, -2]",0,Ce(NO3)3
147,"['Pb', 'Br', 'O']","[3, 2, 2]","[2, -1, -2]",0,Pb3(BrO)2
148,"['O', 'Mn', 'H']","[3, 1, 3]","[-2.0, 3.0, 1]",0,Mn(HO)3
149,"['Na', 'O', 'C']","[1, 3, 1]","[1, -2.0, 0.0]",-5,NaCO3
150,"['Cu', 'O']","[1, 1]","[2, -2]",0,CuO
151,"['Pb', 'Br']","[1, 2]","[2, -1]",0,PbBr2
152,"['Al', 'N', 'O']","[1, 3, 9]","[3, 5, -2]",0,Al(NO3)3
153,"['O', 'Pr']","[13, 4]","[-2.0, 0.0]",-26,Pr4O13
154,"['Al', 'O', 'H']","[1, 2, 1]","[3, -2, 1]",0,AlHO2
155,"['O', 'Mn', 'C', 'C', 'H']","[8, 1, 2, 2, 14]","[-2.0, 2.0, 4.0, -4.0, 1]",0,Mn(CH3COO)2.4H2O
156,"['Sc', 'O']","[2, 3]","[3, -2]",0,Sc2O3
157,"['O', 'Mn', 'C']","[3, 1, 1]","[-2.0, 2.0, 4.0]",0,MnCO3
158,['Li'],[1],[0],0,Li
159,"['Sn', 'I']","[1, 4]","[4, -1]",0,SnI4
160,"['O', 'H', 'B']","[3, 2, 1]","[-2.0, 0.0, 0.0]",-6,BH2O3
161,"['As', 'O', 'H']","[1, 4, 3]","[5, -2, 1]",0,AsH3O4
162,"['Sb', 'S']","[2, 3]","[3.0, -2.0]",0,Sb2S3
163,"['Zr', 'N', 'O']","[1, 2, 7]","[4, 5, -2]",0,ZrN2O7
164,"['Ni', 'S']","[1, 1]","[2.0, -2.0]",0,NiS
165,"['Li', 'Se', 'P', 'S']","[8, 5, 2, 4]","[1, -2.0, 5.0, -2.0]",0,Li8P2Se5S4
166,"['Mn', 'F']","[1, 2]","[2, -1]",0,MnF2
167,['As'],[1],[0],0,As
168,"['Ti', 'H', 'H']","[1, 1, 3]","[2.0, 1, -1]",0,TiH4
169,"['Cu', 'N', 'O']","[1, 3, 9]","[3, 5, -2]",0,Cu(NO3)3
170,['B'],[1],[0],0,B
171,"['Sr', 'S']","[1, 1]","[2, -2]",0,SrS
172,"['O', 'H', 'B']","[4, 3, 1]","[-2.0, 0.0, 0.0]",-8,BH3O4
173,"['Ca', 'O']","[1, 1]","[2, -2]",0,CaO
174,"['Mo', 'O', 'H']","[1, 4, 2]","[6, -2, 1]",0,Mo(HO2)2
175,"['O', 'Mn']","[1694479359798149/562949953421312, 2]","[-2.0, 0.0]",-6.02,Mn2O3.01
176,"['Tm', 'O']","[2, 3]","[3, -2]",0,Tm2O3
177,"['W', 'O']","[1, 3]","[6, -2]",0,WO3
178,['Au'],[1],[0],0,Au
179,['Cl'],[2],[0],0,Cl2
180,"['S', 'O', 'H']","[1, 4, 2]","[6, -2, 1]",0,H2SO4
181,['Np'],[1],[0],0,Np
182,"['Yb', 'N', 'O']","[1, 3, 9]","[3, 5, -2]",0,Yb(NO3)3
183,"['Ta', 'O']","[2, 3]","[3, -2]",0,Ta2O3
184,"['Tl', 'C', 'O']","[2, 1, 3]","[1, 4, -2]",0,Tl2CO3
185,"['Pr', 'N', 'O']","[1, 3, 9]","[3, 5, -2]",0,Pr(NO3)3
186,"['Nb', 'O']","[2, 5]","[5, -2]",0,Nb2O5
187,"['Er', 'F']","[1, 3]","[3, -1]",0,ErF3
188,"['Mg', 'O', 'C', 'C', 'H']","[1, 4, 2, 2, 6]","[2.0, -2.0, 4.0, -4.0, 1]",0,MgH6(CO)4
189,"['Sr', 'P', 'O']","[1, 2, 6]","[2, 5, -2]",0,Sr(PO3)2
190,"['H', 'O', 'W', 'N']","[40, 41, 12, 10]","[1, -2.0, 6.0, -3.0]",0,(NH4)10W12O41
191,"['Ca', 'Cl']","[1, 2]","[2, -1]",0,CaCl2
192,"['Cu', 'F']","[1, 2]","[2, -1]",0,CuF2
193,"['O', 'N', 'H', 'P']","[4, 1, 6, 1]","[-2.0, -3.0, 1, 5.0]",0,PH6NO4
194,"['O', 'Ce', 'C', 'C', 'H']","[6, 1, 3, 3, 9]","[-2.0, 3.0, 4.0, -4.0, 1]",0,CeH9(CO)6
195,"['Sr', 'C', 'O']","[2, 1, 3]","[2, 2, -2]",0,Sr2CO3
196,"['Mg', 'Cl']","[1, 2]","[2, -1]",0,MgCl2
197,"['O', 'Mn', 'C', 'C', 'C', 'C', 'H']","[14, 1, 7, 4, 1, 2, 21]","[-2.0, 2.0, 4.0, -4.0, -3.0, -2.0, 1]",0,MnH21(CO)14
198,['Nb'],[1],[0],0,Nb
199,"['Co', 'C']","[1, 1]","[2.0, -2.0]",0,CoC
200,"['Li', 'C', 'O']","[2, 1, 3]","[1, 4, -2]",0,Li2CO3
201,"['Fe', 'P', 'O']","[1, 3, 9]","[3, 5, -2]",0,Fe(PO3)3
202,"['O', 'Na', 'C', 'C', 'H']","[2, 1, 1, 1, 3]","[-2.0, 1, 4.0, -4.0, 1]",0,NaH3(CO)2
203,"['Na', 'S']","[1, 1]","[1, -1]",0,NaS
204,"['H', 'O', 'Pb', 'C']","[2, 8, 3, 2]","[1, -2.0, 2.0, 4.0]",0,H2Pb3(CO4)2
205,"['Ce', 'O']","[1, 2]","[4, -2]",0,CeO2
206,"['P', 'N', 'O', 'H']","[3, 1, 12, 6]","[5, 3, -2, 1]",0,P3H6NO12
207,"['Sb', 'C', 'O', 'H']","[1, 6, 6, 9]","[-3, 1, -2, 1]",0,SbH9(CO)6
208,"['O', 'Co', 'C']","[3, 1, 1]","[-2.0, 2.0, 4.0]",0,CoCO3
209,"['Cu', 'S', 'O']","[1, 1, 4]","[4, 4, -2]",0,CuSO4
210,"['Na', 'C', 'O', 'H']","[2, 1, 4, 2]","[1, 4, -2, 1]",0,Na2H2CO4
211,"['O', 'Mn']","[3, 1]","[-2.0, 0.0]",-6,MnO3
212,"['Co', 'O']","[1, 2]","[4, -2]",0,CoO2
213,"['Ba', 'P', 'O']","[1, 2, 6]","[2, 5, -2]",0,Ba(PO3)2
214,"['Mg', 'H']","[1, 2]","[2.0, -1]",0,MgH2
215,"['Na', 'S', 'P']","[3, 4, 1]","[1, -2, 5]",0,Na3PS4
216,"['Mg', 'P', 'O']","[2, 2, 7]","[2, 5, -2]",0,Mg2P2O7
217,"['Ce', 'O']","[1, 1]","[2, -2]",0,CeO
218,"['Sn', 'O']","[1, 1]","[2, -2]",0,SnO
219,"['Rb', 'Br']","[1, 1]","[1, -1]",0,RbBr
220,"['Er', 'O']","[2, 3]","[3, -2]",0,Er2O3
221,['U'],[1],[0],0,U
222,"['Cs', 'S']","[2, 1]","[1, -2]",0,Cs2S
223,"['Sn', 'P', 'O']","[1, 2, 7]","[4, 5, -2]",0,SnP2O7
224,"['Na', 'P', 'O']","[4, 2, 7]","[1, 5, -2]",0,Na4P2O7
225,"['Sc', 'F']","[1, 3]","[3, -1]",0,ScF3
226,"['Ca', 'H']","[1, 2]","[2.0, -1]",0,CaH2
227,"['O', 'Mn', 'N']","[9, 1, 3]","[-2.0, 3.0, 5.0]",0,Mn(NO3)3
228,"['Mo', 'Br']","[1, 2]","[2, -1]",0,MoBr2
229,"['Tb', 'O']","[2, 3]","[3, -2]",0,Tb2O3
230,"['Ni', 'C', 'O']","[2, 3, 9]","[3, 4, -2]",0,Ni2(CO3)3
231,"['Ba', 'S']","[1, 1]","[2, -2]",0,BaS
232,"['Na', 'I']","[1, 1]","[1, -1]",0,NaI
233,['Hf'],[1],[0],0,Hf
234,"['Cu', 'Cl']","[1, 2]","[2, -1]",0,CuCl2
235,"['O', 'Mn', 'Mn']","[3, 1, 1]","[-2.0, 2.0, 4.0]",0,Mn2O3
236,"['Ca', 'O']","[1, 2]","[2.0, -2.0]",-2,CaO2
237,"['Ru', 'P']","[1, 1]","[3, -3]",0,PRu
238,"['O', 'Tb', 'Tb']","[12, 4, 3]","[-2.0, 3.0, 4.0]",0,Tb7O12
239,"['Rh', 'N', 'O']","[1, 3, 9]","[3, 5, -2]",0,Rh(NO3)3
240,"['Cs', 'S', 'S']","[2, 1, 2]","[1, 2.0, -2.0]",0,Cs2S3
241,"['K', 'N', 'H']","[1, 1, 2]","[1, -3, 1]",0,KH2N
242,"['Te', 'O']","[1, 3]","[6, -2]",0,TeO3
243,"['Zn', 'C', 'O']","[1, 1, 3]","[2, 4, -2]",0,ZnCO3
244,"['Ge', 'O']","[1, 2]","[4, -2]",0,GeO2
245,"['Li', 'O']","[2, 2]","[1, -2.0]",-2,Li2O2
246,"['H', 'O', 'N', 'Cr']","[8, 7, 2, 2]","[1, -2.0, -3.0, 6.0]",0,Cr2H8N2O7
247,"['O', 'Sr', 'C', 'C', 'H']","[4, 1, 2, 2, 6]","[-2.0, 2.0, 4.0, -4.0, 1]",0,SrH6(CO)4
248,"['Ca', 'O', 'C', 'C', 'H']","[1, 4, 2, 2, 6]","[2.0, -2.0, 4.0, -4.0, 1]",0,CaH6(CO)4
249,"['Pt', 'I']","[1, 2]","[2, -1]",0,PtI2
250,['K'],[1],[0],0,K
251,"['La', 'N']","[1, 1]","[3, -3]",0,LaN
252,['Pt'],[1],[0],0,Pt
253,"['Cs', 'I']","[1, 1]","[1, -1]",0,CsI
254,"['Zr', 'P', 'O']","[1, 2, 7]","[4, 5, -2]",0,ZrP2O7
255,"['Sr', 'O']","[1, 2]","[2.0, -2.0]",-2,SrO2
256,"['La', 'Br']","[1, 3]","[3, -1]",0,LaBr3
257,"['O', 'Co', 'C', 'C', 'C', 'H']","[6, 1, 6, 8, 1, 21]","[-2.0, 2.0, 4.0, -4.0, -3.0, 1]",0,CoH21(C5O2)3
258,"['O', 'Fe', 'Fe']","[4, 1, 2]","[-2.0, 2.0, 3.0]",0,Fe3O4
259,['Al'],[1],[0],0,Al
260,"['Cs', 'F']","[1, 1]","[1, -1]",0,CsF
261,"['Na', 'S', 'O']","[2, 1, 4]","[1, 6, -2]",0,Na2SO4
262,"['Sr', 'O']","[1, 1]","[2, -2]",0,SrO
263,"['In', 'S']","[2, 3]","[3, -2]",0,In2S3
264,"['Tb', 'F']","[1, 3]","[3, -1]",0,TbF3
265,"['O', 'Pr', 'Pr']","[11, 2, 4]","[-2.0, 3.0, 4.0]",0,Pr6O11
266,"['Cs', 'C', 'O']","[2, 1, 3]","[1, 4, -2]",0,Cs2CO3
267,"['Cu', 'C', 'O', 'H']","[2, 1, 5, 2]","[3, 2, -2, 1]",0,Cu2H2CO5
268,"['V', 'O']","[2, 5]","[5, -2]",0,V2O5
269,"['Al', 'C']","[4, 3]","[3, -4]",0,Al4C3
270,"['H', 'O', 'N', 'S']","[5, 4, 1, 1]","[1, -2.0, 5.0, -2.0]",0,H5SNO4
271,"['S', 'N', 'O', 'H']","[1, 2, 4, 8]","[6, -3, -2, 1]",0,H8S(NO2)2
272,"['Ba', 'O']","[1, 2]","[2.0, -2.0]",-2,BaO2
273,"['Sr', 'Se']","[1, 1]","[2, -2]",0,SrSe
274,"['O', 'V', 'P']","[4, 1, 1]","[-2.0, 3.0, 5.0]",0,VPO4
275,"['Nd', 'F']","[1, 3]","[3, -1]",0,NdF3
276,"['H', 'O', 'Co', 'C']","[6, 12, 5, 2]","[1, -2.0, 2.0, 4.0]",0,Co5H6(CO6)2
277,"['Gd', 'O']","[2, 3]","[3, -2]",0,Gd2O3
278,"['Ho', 'N', 'O']","[1, 3, 9]","[3, 5, -2]",0,Ho(NO3)3
279,"['O', 'U', 'U']","[8, 1, 2]","[-2.0, 4.0, 6.0]",0,U3O8
280,"['Mo', 'O']","[2, 3]","[3, -2]",0,Mo2O3
281,"['Fe', 'F']","[1, 2]","[2, -1]",0,FeF2
282,"['Al', 'O']","[2, 3]","[3, -2]",0,Al2O3
283,['Cr'],[1],[0],0,Cr
284,"['Ce', 'S']","[2, 3]","[3, -2]",0,Ce2S3
285,"['Mg', 'P', 'O']","[1, 2, 6]","[2, 5, -2]",0,Mg(PO3)2
286,"['Zr', 'O']","[1, 2]","[4, -2]",0,ZrO2
287,"['La', 'S', 'O']","[2, 3, 12]","[3, 6, -2]",0,La2(SO4)3
288,"['Ba', 'P', 'O', 'H']","[1, 1, 4, 1]","[2, 5, -2, 1]",0,BaPHO4
289,"['Eu', 'N', 'O']","[1, 3, 9]","[3, 5, -2]",0,Eu(NO3)3
290,"['Pb', 'S']","[1, 1]","[2.0, -2.0]",0,PbS
291,"['Gd', 'S', 'O']","[2, 3, 12]","[3, 6, -2]",0,Gd2(SO4)3
292,"['Na', 'Cl']","[1, 1]","[1, -1]",0,NaCl
293,"['Sr', 'O', 'H']","[1, 2, 2]","[2, -2, 1]",0,Sr(HO)2
294,"['Cs', 'S', 'O']","[2, 1, 4]","[1, 6, -2]",0,Cs2SO4
295,"['Lu', 'F']","[1, 3]","[3, -1]",0,LuF3
296,"['O', 'Zn', 'C', 'C', 'H']","[4, 1, 2, 2, 6]","[-2.0, 2.0, 4.0, -4.0, 1]",0,ZnH6(CO)4
297,"['Cr', 'O']","[1, 3]","[6, -2]",0,CrO3
298,"['Cd', 'N', 'O']","[1, 2, 6]","[2, 5, -2]",0,Cd(NO3)2
299,"['O', 'La', 'C']","[2, 1, 1]","[-2.0, 2.0, 2.0]",0,LaCO2
300,"['O', 'Mn', 'H', 'C', 'C', 'C']","[16, 1, 26, 6, 4, 2]","[-2.0, 2.0, 1, 4.0, -4.0, -2.0]",0,MnH26(C3O4)4
301,"['Na', 'N', 'O']","[1, 1, 3]","[1, 5, -2]",0,NaNO3
302,['Cs'],[1],[0],0,Cs
303,"['O', 'Ni', 'C', 'C', 'C', 'H']","[6, 1, 3, 2, 1, 9]","[-2.0, 2.0, 4.0, -4.0, -3.0, 1]",0,NiH9(CO)6
304,"['Ni', 'N', 'O']","[1, 3, 9]","[3, 5, -2]",0,Ni(NO3)3
305,"['Sm', 'N', 'O']","[1, 3, 9]","[3, 5, -2]",0,Sm(NO3)3
306,"['Bi', 'I', 'O']","[1, 1, 1]","[3, -1, -2]",0,BiIO
307,"['Mg', 'P', 'O', 'H']","[1, 1, 4, 1]","[2, 5, -2, 1]",0,MgPHO4
308,"['Fe', 'F']","[1, 3]","[3, -1]",0,FeF3
309,"['Tl', 'O']","[2, 3]","[3, -2]",0,Tl2O3
310,"['Mg', 'C', 'O']","[1, 1, 3]","[2, 4, -2]",0,MgCO3
311,"['Am', 'O']","[1, 2]","[0.0, -2.0]",-4,AmO2
312,"['Zr', 'N', 'O']","[1, 1, 4]","[3, 5, -2]",0,ZrNO4
313,"['Nd', 'S']","[2, 3]","[3, -2]",0,Nd2S3
314,"['Cu', 'S']","[2, 1]","[1, -2]",0,Cu2S
315,"['O', 'Mn']","[4141059857367171/2251799813685248, 1]","[-2.0, 0.0]",-3.678,MnO1.839
316,['Ta'],[1],[0],0,Ta
317,"['Ba', 'C', 'O', 'H']","[1, 6, 2, 14]","[2, -2, -2, 1]",0,BaH14(C3O)2
318,"['O', 'Fe', 'C', 'C', 'H']","[6, 1, 6, 9, 21]","[-2.0, 3.0, 4.0, -4.0, 1]",0,FeH21(C5O2)3
319,"['Fe', 'Br']","[1, 3]","[3, -1]",0,FeBr3
320,"['Bi', 'C', 'O']","[2, 3, 9]","[3, 4, -2]",0,Bi2(CO3)3
321,"['Li', 'S', 'O']","[2, 1, 4]","[1, 6, -2]",0,Li2SO4
322,"['Bi', 'Br']","[1, 3]","[3, -1]",0,BiBr3
323,['Ce'],[1],[0],0,Ce
324,"['Sn', 'S']","[1, 1]","[2.0, -2.0]",0,SnS
325,"['La', 'O', 'H']","[1, 2, 1]","[3, -2, 1]",0,LaHO2
326,['Tb'],[1],[0],0,Tb
327,"['O', 'H', 'B']","[5, 2, 1]","[-2.0, 0.0, 0.0]",-10,BH2O5
328,"['La', 'N', 'O']","[1, 3, 9]","[3, 5, -2]",0,La(NO3)3
329,"['O', 'Al', 'N']","[3, 2, 1]","[-2.0, 0.0, 0.0]",-6,Al2NO3
330,"['As', 'O']","[2, 5]","[5, -2]",0,As2O5
331,"['Ba', 'O', 'N']","[1, 3, 1]","[2.0, -2.0, 0.0]",-4,BaNO3
332,"['In', 'Se']","[1, 1]","[2, -2]",0,InSe
333,"['Mn', 'Br']","[1, 2]","[2, -1]",0,MnBr2
334,"['Fe', 'Cl']","[1, 2]","[2, -1]",0,FeCl2
335,"['Re', 'O']","[1, 2]","[4, -2]",0,ReO2
336,"['Pd', 'O']","[1, 1]","[2, -2]",0,PdO
337,"['Na', 'P', 'O', 'H']","[2, 1, 4, 1]","[1, 5, -2, 1]",0,Na2PHO4
338,"['O', 'Zr', 'N']","[10, 1, 3]","[-2.0, 0.0, 0.0]",-20,ZrN3O10
339,"['La', 'O']","[2, 3]","[3, -2]",0,La2O3
340,"['Zn', 'C', 'O', 'H']","[2, 1, 5, 2]","[2, 4, -2, 1]",0,Zn2H2CO5
341,"['Mg', 'N']","[3, 2]","[2, -3]",0,Mg3N2
342,['Zn'],[1],[0],0,Zn
343,"['Li', 'Br']","[1, 1]","[1, -1]",0,LiBr
344,"['O', 'B']","[5, 2]","[-2.0, 0.0]",-10,B2O5
345,['S'],[1],[0],0,S
346,"['H', 'O', 'N', 'As']","[6, 4, 1, 1]","[1, -2.0, -3.0, 5.0]",0,AsH6NO4
347,"['O', 'Ce']","[4, 1]","[-2.0, 0.0]",-8,CeO4
348,"['Sm', 'S']","[2, 3]","[3, -2]",0,Sm2S3
349,"['Li', 'Cl']","[1, 1]","[1, -1]",0,LiCl
350,"['Bi', 'Br', 'O']","[1, 1, 1]","[3, -1, -2]",0,BiBrO
351,"['Ga', 'O']","[2, 3]","[3, -2]",0,Ga2O3
352,"['O', 'Ni', 'C']","[3, 1, 1]","[-2.0, 2.0, 4.0]",0,NiCO3
353,"['O', 'Fe', 'S']","[4, 1, 1]","[-2.0, 2.0, 6.0]",0,FeSO4
354,"['Ba', 'O', 'C', 'C', 'H']","[1, 4, 2, 2, 6]","[2.0, -2.0, 4.0, -4.0, 1]",0,BaH6(CO)4
355,"['K', 'S']","[2, 1]","[1, -2]",0,K2S
356,"['Li', 'P', 'O']","[3, 1, 4]","[1, 5, -2]",0,Li3PO4
357,"['Mn', 'O']","[1, 1]","[2, -2]",0,MnO
358,"['Li', 'O']","[2, 1]","[1, -2]",0,Li2O
359,"['O', 'Mn', 'H']","[2, 1, 1]","[-2.0, 3.0, 1]",0,MnHO2
360,"['Ni', 'O']","[2, 3]","[3, -2]",0,Ni2O3
361,['Th'],[1],[0],0,Th
362,"['Nb', 'Cl']","[1, 5]","[5, -1]",0,NbCl5
363,"['Nd', 'O']","[2, 3]","[3, -2]",0,Nd2O3
364,['Yb'],[1],[0],0,Yb
365,"['Fe', 'N', 'O']","[1, 2, 6]","[2, 5, -2]",0,Fe(NO3)2
366,"['In', 'Se']","[2, 3]","[3, -2]",0,In2Se3
367,['Y'],[1],[0],0,Y
368,"['Cu', 'C', 'N']","[1, 1, 1]","[1, 2.0, -3.0]",0,CuCN
369,"['Mg', 'S', 'O']","[1, 1, 4]","[2, 6, -2]",0,MgSO4
370,"['Zr', 'C']","[1, 1]","[4.0, -4.0]",0,ZrC
371,"['O', 'Co']","[3, 1]","[-2.0, 0.0]",-6,CoO3
372,"['Mo', 'O']","[1, 2]","[4, -2]",0,MoO2
373,"['Se', 'O', 'H']","[1, 4, 2]","[6, -2, 1]",0,H2SeO4
374,"['Na', 'S']","[2, 1]","[1, -2]",0,Na2S
375,"['O', 'Al', 'H']","[1, 1, 1]","[-2.0, 3.0, -1]",0,AlHO
376,"['O', 'Yb', 'C', 'C', 'C', 'H']","[39, 5, 17, 16, 1, 61]","[-2.0, 3.0, 4.0, -4.0, -2.0, 1]",0,Yb5H61C34O39
377,"['Mg', 'C', 'O', 'H']","[5, 4, 19, 12]","[2, 4, -2, 1]",0,(MgCO3)4.Mg(OH)2.5H2O
378,"['Li', 'S']","[1, 1]","[1, -1]",0,LiS
379,"['Sn', 'Br']","[1, 2]","[2, -1]",0,SnBr2
380,"['P', 'O', 'H']","[1, 4, 3]","[5, -2, 1]",0,PH3O4
381,"['Al', 'S', 'O']","[2, 3, 12]","[3, 6, -2]",0,Al2(SO4)3
382,"['N', 'C', 'H']","[2, 1, 2]","[-3, 4, 1]",0,H2CN2
383,"['Fe', 'P', 'O']","[1, 1, 4]","[3, 5, -2]",0,FePO4
384,"['Li', 'P', 'O']","[4, 2, 7]","[1, 5, -2]",0,Li4P2O7
385,"['Na', 'P', 'O']","[1, 1, 3]","[1, 5, -2]",0,NaPO3
386,"['La', 'C', 'O']","[2, 3, 9]","[3, 4, -2]",0,La2(CO3)3
387,"['Li', 'S']","[2, 1]","[1, -2]",0,Li2S
388,"['Re', 'O']","[2, 7]","[7, -2]",0,Re2O7
389,"['Ni', 'O']","[1, 2]","[4, -2]",0,NiO2
390,['In'],[1],[0],0,In
391,"['H', 'O', 'N', 'P']","[4, 3, 1, 1]","[1, -2.0, -3.0, 5.0]",0,PH4NO3
392,"['O', 'Ti']","[1, 1]","[-2.0, 2.0]",0,TiO
393,['Zr'],[1],[0],0,Zr
394,"['O', 'Ni', 'C', 'C', 'H']","[4, 1, 2, 2, 6]","[-2.0, 2.0, 4.0, -4.0, 1]",0,NiH6(CO)4
395,"['Eu', 'P']","[1, 1]","[3, -3]",0,EuP
396,"['Li', 'N']","[3, 1]","[1, -3]",0,Li3N
397,"['O', 'Dy', 'N', 'N']","[3, 1, 2, 1]","[-2.0, 3.0, 3.0, -3.0]",0,Dy(NO)3
398,"['Mg', 'S']","[1, 1]","[2, -2]",0,MgS
399,"['O', 'Mn', 'C', 'C', 'H']","[4, 1, 2, 2, 6]","[-2.0, 2.0, 4.0, -4.0, 1]",0,MnH6(CO)4
400,"['O', 'C', 'C', 'H', 'Co']","[4, 2, 2, 6, 1]","[-2.0, 4.0, -4.0, 1, 2.0]",0,CoH6(CO)4
401,"['Mo', 'S']","[1, 2]","[4, -2]",0,MoS2
402,"['O', 'Yb']","[5, 2]","[-2.0, 0.0]",-10,Yb2O5
403,"['Bi', 'Cl', 'O']","[1, 1, 1]","[3, -1, -2]",0,BiClO
404,"['Br', 'Sb']","[3, 1]","[-1, 3]",0,SbBr3
405,"['Yb', 'F']","[1, 3]","[3, -1]",0,YbF3
406,"['Tl', 'I']","[1, 1]","[1, -1]",0,TlI
407,['Ge'],[1],[0],0,Ge
408,"['Cm', 'O']","[1, 2]","[0.0, -2.0]",-4,CmO2
409,"['La', 'S', 'O']","[2, 1, 6]","[3, 6, -2]",0,La2SO6
410,"['Sn', 'F']","[1, 4]","[4, -1]",0,SnF4
411,"['Na', 'H']","[1, 1]","[1, -1]",0,NaH
412,"['Gd', 'N', 'O']","[1, 3, 9]","[3, 5, -2]",0,Gd(NO3)3
413,"['O', 'Ga']","[2, 1]","[-2.0, 0.0]",-4,GaO2
414,"['Sn', 'S']","[1, 2]","[4.0, -2.0]",0,SnS2
415,"['V', 'O']","[1, 2]","[4, -2]",0,VO2
416,['Tl'],[1],[0],0,Tl
417,"['O', 'Co', 'Co']","[4, 2, 1]","[-2.0, 2.0, 4.0]",0,Co3O4
418,"['As', 'S']","[2, 3]","[3.0, -2.0]",0,As2S3
419,"['Li', 'P']","[3, 1]","[1, -3]",0,Li3P
420,"['Eu', 'Br']","[1, 2]","[2, -1]",0,EuBr2
421,"['Fe', 'O']","[1, 1]","[2, -2]",0,FeO
422,"['Ge', 'S']","[1, 2]","[4.0, -2.0]",0,GeS2
423,"['Al', 'O', 'H']","[1, 3, 3]","[3, -2, 1]",0,Al(HO)3
424,"['Zn', 'Cl']","[1, 2]","[2, -1]",0,ZnCl2
425,"['Ca', 'C', 'O']","[1, 1, 3]","[2, 4, -2]",0,CaCO3
426,"['Ir', 'O']","[1, 2]","[4, -2]",0,IrO2
427,"['O', 'Ta', 'N']","[1, 1, 1]","[-2.0, 5.0, -3.0]",0,TaNO
428,"['Zn', 'I']","[1, 2]","[2, -1]",0,ZnI2
429,"['Bi', 'I']","[1, 3]","[3, -1]",0,BiI3
430,"['Cu', 'Br']","[1, 2]","[2, -1]",0,CuBr2
431,['I'],[1],[0],0,I
432,"['Sm', 'O', 'H']","[1, 3, 3]","[3, -2, 1]",0,Sm(HO)3
433,"['Ce', 'N', 'O', 'H']","[1, 8, 18, 8]","[4, 3, -2, 1]",0,CeH8(N4O9)2
434,"['K', 'N', 'O']","[1, 1, 3]","[1, 5, -2]",0,KNO3
435,"['Ca', 'S', 'O']","[1, 1, 4]","[2, 6, -2]",0,CaSO4
436,"['Li', 'P', 'O', 'H']","[1, 1, 4, 2]","[1, 5, -2, 1]",0,LiP(HO2)2
437,"['Fe', 'C', 'O']","[1, 3, 6]","[3, 3, -2]",0,Fe(CO2)3
438,"['Ba', 'Se']","[1, 1]","[2, -2]",0,BaSe
439,"['Mg', 'O']","[1, 2]","[2.0, -2.0]",-2,MgO2
440,"['Ag', 'P', 'O']","[1, 1, 3]","[1, 5, -2]",0,AgPO3
441,"['Ge', 'O']","[2, 3]","[3, -2]",0,Ge2O3
442,"['Yb', 'O', 'H']","[1, 3, 3]","[3, -2, 1]",0,Yb(HO)3
443,"['Ce', 'F']","[1, 3]","[3, -1]",0,CeF3
444,"['O', 'Pb', 'C', 'C', 'H']","[4, 1, 2, 2, 6]","[-2.0, 2.0, 4.0, -4.0, 1]",0,H6Pb(CO)4
445,"['H', 'C', 'C', 'N', 'S']","[5, 1, 1, 1, 1]","[1, 4.0, -4.0, -3.0, -2.0]",0,H5C2SN
446,"['P', 'O']","[2, 5]","[5, -2]",0,P2O5
447,"['O', 'Gd', 'N', 'N']","[3, 1, 2, 1]","[-2.0, 3.0, 3.0, -3.0]",0,Gd(NO)3
448,"['O', 'B', 'H']","[7, 2, 2]","[-2.0, 0.0, 0.0]",-14,B2H2O7
449,"['Eu', 'S']","[1, 1]","[2, -2]",0,EuS
450,"['Ag', 'N', 'O']","[1, 1, 3]","[1, 5, -2]",0,AgNO3
451,"['Ca', 'N']","[3, 2]","[2, -3]",0,Ca3N2
452,"['P', 'N', 'O', 'H']","[1, 2, 4, 9]","[5, -3, -2, 1]",0,PH9(NO2)2
453,"['Cd', 'Br']","[1, 2]","[2, -1]",0,CdBr2
454,['Sm'],[1],[0],0,Sm
455,"['Ca', 'O', 'P']","[2, 4, 1]","[2.0, -2.0, 4.0]",0,Ca2PO4
456,"['O', 'Zr']","[3, 1]","[-2.0, 0.0]",-6,ZrO3
457,"['Zn', 'O']","[1, 1]","[2, -2]",0,ZnO
458,"['H', 'O', 'Co', 'C', 'C']","[4, 2, 1, 1, 1]","[1, -2.0, 2.0, 2.0, -4.0]",0,CoH4(CO)2
459,"['O', 'Fe']","[2, 1]","[-2.0, 0.0]",-4,FeO2
460,"['Ba', 'F']","[1, 2]","[2, -1]",0,BaF2
461,"['Ta', 'N']","[3, 5]","[5, -3]",0,Ta3N5
462,"['O', 'Pb', 'C']","[3, 1, 1]","[-2.0, 2.0, 4.0]",0,PbCO3
463,"['K', 'Se']","[2, 1]","[1, -2]",0,K2Se
464,"['Mg', 'O', 'N', 'H']","[1, 15, 3, 12]","[2.0, -2.0, 0.0, 0.0]",-28,Mg(NO3)3.6H2O
465,"['O', 'Al', 'H']","[2, 1, 2]","[-2.0, 0.0, 0.0]",-4,Al(HO)2
466,"['O', 'Co', 'C', 'C', 'H']","[8, 1, 2, 2, 14]","[-2.0, 2.0, 4.0, -4.0, 1]",0,Co(CH3COO)2.4H2O
467,"['Ti', 'C']","[1, 1]","[4, -4]",0,TiC
468,"['W', 'P', 'O', 'H']","[12, 1, 40, 3]","[6, 5, -2, 1]",0,PH3(W3O10)4
469,"['Zr', 'C', 'O', 'H']","[1, 20, 8, 32]","[4, -1, -2, 1]",0,ZrH32(C5O2)4
470,"['Na', 'O']","[2, 1]","[1, -2]",0,Na2O
471,"['Ni', 'N', 'O']","[1, 2, 6]","[2, 5, -2]",0,Ni(NO3)2
472,"['Zr', 'N']","[1, 1]","[3, -3]",0,ZrN
473,"['As', 'O']","[2, 3]","[3, -2]",0,As2O3
474,"['Hg', 'I']","[1, 2]","[2, -1]",0,HgI2
475,"['Zr', 'N', 'O']","[1, 4, 12]","[4, 5, -2]",0,Zr(NO3)4
476,"['Ga', 'Se']","[2, 3]","[3, -2]",0,Ga2Se3
477,"['Cu', 'I']","[1, 1]","[1, -1]",0,CuI
478,"['P', 'S']","[2, 3]","[3.0, -2.0]",0,P2S3
479,"['Mg', 'C', 'O', 'H']","[5, 4, 14, 2]","[2, 4, -2, 1]",0,Mg5H2(C2O7)2
480,['Ti'],[1],[0],0,Ti
481,"['O', 'Co']","[2386907802506363/562949953421312, 3]","[-2.0, 0.0]",-8.48,Co3O4.24
482,"['Ni', 'O', 'H']","[1, 2, 2]","[2, -2, 1]",0,Ni(HO)2
483,"['Y', 'C', 'O', 'H']","[1, 9, 3, 21]","[3, -2, -2, 1]",0,YH21(C3O)3
484,['La'],[1],[0],0,La
485,"['Pt', 'O']","[1, 2]","[4, -2]",0,PtO2
486,"['Co', 'Cl']","[1, 2]","[2, -1]",0,CoCl2
487,['Tm'],[1],[0],0,Tm
488,"['Co', 'O']","[1, 1]","[2, -2]",0,CoO
489,"['Mn', 'O']","[1, 2]","[4, -2]",0,MnO2
490,"['Si', 'O']","[1, 2]","[4, -2]",0,SiO2
491,"['Ag', 'I']","[1, 1]","[1, -1]",0,AgI
492,"['Ti', 'C', 'O', 'H']","[1, 4, 4, 12]","[4, -2, -2, 1]",0,TiH12(CO)4
493,['Co'],[1],[0],0,Co
494,"['Sr', 'N', 'O']","[1, 2, 6]","[2, 5, -2]",0,Sr(NO3)2
495,['Be'],[1],[0],0,Be
496,"['Co', 'C', 'C', 'O', 'H']","[1, 1, 1, 3, 3]","[2.0, 4.0, -3.0, -2.0, 1]",0,CoH3C2O3
497,"['O', 'Ni', 'C']","[3, 2, 1]","[-2.0, 2.0, 2.0]",0,Ni2CO3
498,"['Er', 'N', 'O']","[1, 3, 9]","[3, 5, -2]",0,Er(NO3)3
499,"['Ce', 'Br']","[1, 3]","[3, -1]",0,CeBr3
500,"['Bi', 'S']","[2, 3]","[3, -2]",0,Bi2S3
501,"['Zn', 'S']","[1, 1]","[2, -2]",0,ZnS
502,['Te'],[1],[0],0,Te
503,"['Mn', 'Cl']","[1, 2]","[2, -1]",0,MnCl2
504,"['Mg', 'F']","[1, 2]","[2, -1]",0,MgF2
505,"['Sr', 'C', 'O']","[1, 2, 4]","[2, 3, -2]",0,Sr(CO2)2
506,"['Ti', 'O', 'H']","[1, 4, 4]","[4, -2, 1]",0,Ti(HO)4
507,"['Nd', 'N', 'O']","[1, 3, 9]","[3, 5, -2]",0,Nd(NO3)3
508,"['Ba', 'Br']","[1, 2]","[2, -1]",0,BaBr2
509,"['Pb', 'Cl', 'O']","[3, 2, 2]","[2, -1, -2]",0,Pb3(ClO)2
510,"['K', 'C', 'O']","[1, 1, 2]","[1, 3, -2]",0,KCO2
511,"['Ba', 'Cl']","[1, 2]","[2, -1]",0,BaCl2
512,"['B', 'O']","[2, 3]","[3, -2]",0,B2O3
513,"['Co', 'N', 'O']","[1, 3, 9]","[3, 5, -2]",0,Co(NO3)3
514,"['Nd', 'P']","[1, 1]","[3, -3]",0,NdP
515,"['Co', 'O', 'H']","[1, 2, 2]","[2, -2, 1]",0,Co(HO)2
516,"['Fe', 'P', 'O', 'H']","[1, 1, 6, 4]","[3, 5, -2, 1]",0,FeP(H2O3)2
517,['Os'],[1],[0],0,Os
518,"['Ba', 'O']","[2, 3]","[2.0, -2.0]",-2,Ba2O3
519,"['Ba', 'C', 'O']","[2, 1, 3]","[2, 2, -2]",0,Ba2CO3
520,"['Cu', 'O']","[1, 2]","[4, -2]",0,CuO2
521,"['K', 'O']","[2, 1]","[1, -2]",0,K2O
522,"['V', 'N', 'O', 'H']","[1, 2, 3, 8]","[4, -3, -2, 1]",0,VH8N2O3
523,"['O', 'Mn', 'P']","[4, 1, 1]","[-2.0, 3.0, 5.0]",0,MnPO4
524,"['Si', 'S']","[1, 2]","[4.0, -2.0]",0,SiS2
525,"['O', 'Co', 'P']","[7, 2, 2]","[-2.0, 2.0, 5.0]",0,Co2P2O7
526,"['H', 'O', 'W', 'N']","[13, 20, 6, 3]","[1, -2.0, 6.0, -3.0]",0,H13W6N3O20
527,"['S', 'P']","[3, 4]","[4, -3]",0,P4S3
528,"['Bi', 'F']","[1, 3]","[3, -1]",0,BiF3
529,"['Ag', 'Cl']","[1, 1]","[1, -1]",0,AgCl
530,"['O', 'Ni', 'N']","[3, 1, 1]","[-2.0, 3.0, 3.0]",0,NiNO3
531,['Pb'],[1],[0],0,Pb
532,"['Si', 'N']","[3, 4]","[4.0, -3.0]",0,Si3N4
533,"['Al', 'N']","[1, 1]","[3, -3]",0,AlN
534,['Ag'],[1],[0],0,Ag
535,"['Zn', 'N', 'O']","[1, 2, 6]","[2, 5, -2]",0,Zn(NO3)2
536,"['Al', 'N', 'O']","[1, 3.9, 11.7]","[3, 5, -2]",,Al(NO3)3.9
537,"['Zn', 'F']","[1, 2]","[2, -1]",0,ZnF2
538,"['K', 'O', 'H']","[50, 50, 1]","[1, -2.0, 0.0]",-50,K50HO50
539,"['O', 'Tb']","[4, 3]","[-2.0, 0.0]",-8,Tb3O4
540,"['O', 'Tl', 'N']","[3, 1, 1]","[-2.0, 1, 5.0]",0,TlNO3
541,['Sn'],[1],[0],0,Sn
542,"['Ni', 'Ni', 'Se']","[2, 4, 5]","[1, 2.0, -2.0]",0,Ni6Se5
543,"['Bi', 'N', 'N']","[1, 2, 4]","[2.0, 5.0, -3.0]",0,BiN6
544,"['Co', 'Br']","[1, 2]","[2, -1]",0,CoBr2
545,"['Mg', 'C', 'O', 'H']","[2, 1, 5, 2]","[2, 4, -2, 1]",0,Mg2H2CO5
546,"['O', 'Bi', 'Bi']","[21, 4, 6]","[-2.0, 3.0, 5.0]",0,Bi10O21
547,"['O', 'Zn']","[2, 1]","[-2.0, 0.0]",-4,ZnO2
548,"['Ga', 'F']","[1, 3]","[3, -1]",0,GaF3
549,"['Mg', 'N', 'O']","[1, 2, 6]","[2, 5, -2]",0,Mg(NO3)2
550,['Cu'],[1],[0],0,Cu
551,"['Mg', 'O', 'H']","[1, 2, 2]","[2, -2, 1]",0,Mg(HO)2
552,"['Pb', 'Cl']","[1, 2]","[2, -1]",0,PbCl2
553,"['Nb', 'O']","[1, 2]","[4, -2]",0,NbO2
554,"['La', 'F']","[1, 3]","[3, -1]",0,LaF3
555,"['O', 'Mn', 'C', 'C']","[4, 1, 1, 1]","[-2.0, 2.0, 2.0, 4.0]",0,Mn(CO2)2
556,['Mn'],[1],[0],0,Mn
557,"['O', 'Co', 'S']","[4, 1, 1]","[-2.0, 2.0, 6.0]",0,CoSO4
558,"['O', 'Pb', 'N']","[3, 1, 1]","[-2.0, 0.0, 0.0]",-6,PbNO3
559,['Ir'],[1],[0],0,Ir
560,"['Na', 'C', 'O']","[1, 1, 2]","[1, 3, -2]",0,NaCO2
561,['Bi'],[1],[0],0,Bi
562,"['H', 'O', 'C', 'C', 'Ni']","[3, 2, 1, 1, 1]","[1, -2.0, 4.0, -4.0, 1]",0,NiH3(CO)2
563,['Ga'],[1],[0],0,Ga
564,"['Fe', 'O']","[2, 3]","[3, -2]",0,Fe2O3
565,"['K', 'P', 'O']","[4, 2, 7]","[1, 5, -2]",0,K4P2O7
566,"['Ho', 'O']","[2, 3]","[3, -2]",0,Ho2O3
567,['Pd'],[1],[0],0,Pd
568,"['O', 'Al', 'H', 'C', 'C']","[5, 1, 7, 2, 2]","[-2.0, 3.0, 1, 4.0, -4.0]",0,AlH7C4O5
569,"['Sr', 'S', 'O']","[1, 1, 4]","[2, 6, -2]",0,SrSO4
570,"['In', 'Br']","[1, 3]","[3, -1]",0,InBr3
571,"['Li', 'O', 'H', 'S', 'N']","[1, 3, 2, 1, 1]","[1, -2.0, 1, -2.0, 5.0]",0,LiH2SNO3
572,"['Ba', 'P', 'O']","[3, 2, 8]","[2, 5, -2]",0,Ba3(PO4)2
573,"['Cu', 'Cl']","[1, 1]","[1, -1]",0,CuCl
574,"['O', 'Al', 'N']","[6, 1, 2]","[-2.0, 0.0, 0.0]",-12,Al(NO3)2
575,"['Sr', 'Cl']","[1, 2]","[2, -1]",0,SrCl2
576,"['In', 'Cl']","[1, 3]","[3, -1]",0,InCl3
577,"['La', 'P', 'O']","[1, 1, 4]","[3, 5, -2]",0,LaPO4
578,['Ba'],[1],[0],0,Ba
579,"['Pb', 'O']","[1, 2]","[4, -2]",0,PbO2
580,['Pu'],[1],[0],0,Pu
581,"['Br', 'N', 'H']","[1, 1, 4]","[-1, -3, 1]",0,H4BrN
582,"['Zr', 'O', 'H']","[1, 4, 4]","[4, -2, 1]",0,Zr(HO)4
583,['Eu'],[1],[0],0,Eu
584,"['Cs', 'N', 'O']","[1, 1, 3]","[1, 5, -2]",0,CsNO3
585,"['O', 'Ti', 'Ti']","[3, 1, 1]","[-2.0, 2.0, 4.0]",0,Ti2O3
586,"['Nb', 'F']","[1, 5]","[5, -1]",0,NbF5
587,"['C', 'O', 'H']","[1, 1, 4]","[-2, -2, 1]",0,H4CO
588,"['Yb', 'O']","[2, 3]","[3, -2]",0,Yb2O3
589,"['La', 'C', 'O']","[2, 1, 3]","[2, 2, -2]",0,La2CO3
590,"['Dy', 'O']","[2, 3]","[3, -2]",0,Dy2O3
591,['Ca'],[1],[0],0,Ca
592,"['N', 'H', 'F']","[1, 4, 1]","[-3, 1, -1]",0,H4NF
593,"['Ag', 'Se']","[2, 1]","[1, -2]",0,Ag2Se
594,"['Si', 'Si', 'N', 'N']","[1, 3, 2, 1]","[-4.0, 4.0, -3.0, -2.0]",0,Si4N3
595,"['Lu', 'O']","[2, 3]","[3, -2]",0,Lu2O3
596,"['Ce', 'P', 'O']","[1, 1, 4]","[3, 5, -2]",0,CePO4
597,"['Pb', 'I']","[1, 2]","[2, -1]",0,PbI2
598,"['Cs', 'Cl']","[1, 1]","[1, -1]",0,CsCl
599,"['C', 'O', 'H']","[2, 1, 6]","[-2, -2, 1]",0,H6C2O
600,"['K', 'Br']","[1, 1]","[1, -1]",0,KBr
601,"['Co', 'O', 'H']","[1, 2, 1]","[3, -2, 1]",0,CoHO2
602,"['Pu', 'O']","[1, 2]","[4, -2]",0,PuO2
603,"['Ni', 'Ni', 'S']","[2, 4, 5]","[1, 2.0, -2.0]",0,Ni6S5
604,"['Cr', 'S']","[2, 3]","[3, -2]",0,Cr2S3
605,['W'],[1],[0],0,W
606,"['Na', 'F']","[1, 1]","[1, -1]",0,NaF
607,"['Ca', 'C', 'O']","[2, 1, 3]","[2, 2, -2]",0,Ca2CO3
608,"['Na', 'N', 'H']","[1, 1, 2]","[1, -3, 1]",0,NaH2N
609,"['Ce', 'O']","[2, 3]","[3, -2]",0,Ce2O3
610,['Rh'],[1],[0],0,Rh
611,['Br'],[1],[0],0,Br
612,"['La', 'S']","[2, 3]","[3, -2]",0,La2S3
613,"['H', 'O', 'N', 'V']","[4, 3, 1, 1]","[1, -2.0, -3.0, 5.0]",0,VH4NO3
614,"['W', 'O', 'H']","[1, 4, 2]","[6, -2, 1]",0,H2WO4
615,"['K', 'C', 'O']","[2, 1, 3]","[1, 4, -2]",0,K2CO3
616,['V'],[1],[0],0,V
617,"['Ba', 'O', 'N']","[1, 9, 3]","[2.0, -2.0, 0.0]",-16,Ba(NO3)3
618,"['Ga', 'S']","[2, 3]","[3, -2]",0,Ga2S3
619,"['Cr', 'N', 'O', 'H']","[1, 2, 4, 8]","[6, -3, -2, 1]",0,CrH8(NO2)2
620,"['O', 'Mn', 'S']","[4, 1, 1]","[-2.0, 2.0, 6.0]",0,MnSO4
621,"['V', 'N', 'O', 'H']","[1, 1, 4, 4]","[5.0, -1, -2.0, 1]",0,VH4NO4
622,"['Mg', 'I']","[1, 2]","[2, -1]",0,MgI2
623,"['O', 'Cr', 'P']","[4, 1, 1]","[-2.0, 3.0, 5.0]",0,CrPO4
624,"['N', 'H', 'H', 'Y']","[1, 2, 2, 1]","[-3.0, 1, -1, 3.0]",0,YH4N
625,"['Rb', 'Cl']","[1, 1]","[1, -1]",0,RbCl
626,['Er'],[1],[0],0,Er
627,"['O', 'Ti', 'C']","[2, 1, 1]","[-2.0, 2.0, 2.0]",0,TiCO2
628,"['K', 'Cl']","[1, 1]","[1, -1]",0,KCl
629,"['Mg', 'O', 'N']","[1, 3, 1]","[2.0, -2.0, 0.0]",-4,MgNO3
630,"['O', 'P']","[4, 1]","[-2.0, 0.0]",-8,PO4
631,"['Ni', 'C', 'C', 'O', 'H']","[1, 1, 1, 3, 3]","[2.0, 4.0, -3.0, -2.0, 1]",0,NiH3C2O3
632,['Ru'],[1],[0],0,Ru
633,"['Na', 'O']","[2, 2]","[1, -2.0]",-2,Na2O2
634,"['V', 'O']","[2, 3]","[3, -2]",0,V2O3
635,['Nd'],[1],[0],0,Nd
636,"['Y', 'Cl']","[1, 3]","[3, -1]",0,YCl3
637,"['Mn', 'N']","[2, 1]","[0.0, 0.0]",0,Mn2N
638,"['Co', 'O']","[2, 3]","[3, -2]",0,Co2O3
639,"['Mg', 'P', 'O']","[3, 2, 8]","[2, 5, -2]",0,Mg3(PO4)2
640,"['Na', 'P', 'O']","[3, 1, 4]","[1, 5, -2]",0,Na3PO4
641,"['Bi', 'O']","[2, 3]","[3, -2]",0,Bi2O3
642,"['O', 'Eu']","[2, 3]","[-2.0, 0.0]",-4,Eu3O2
643,"['Gd', 'F']","[1, 3]","[3, -1]",0,GdF3
644,"['Ge', 'Se']","[1, 2]","[4.0, -2.0]",0,GeSe2
645,"['O', 'Ni', 'C', 'C']","[4, 1, 1, 1]","[-2.0, 2.0, 2.0, 4.0]",0,Ni(CO2)2
646,"['Pb', 'O']","[1, 1]","[2, -2]",0,PbO
647,"['Sb', 'O']","[2, 5]","[5, -2]",0,Sb2O5
648,"['Sr', 'O', 'C']","[1, 6, 2]","[2.0, -2.0, 0.0]",-10,Sr(CO3)2
649,"['O', 'Zn', 'C', 'C', 'H']","[6, 1, 2, 2, 10]","[-2.0, 2.0, 4.0, -4.0, 1]",0,Zn(CH3CO2)2.2H2O
650,['Si'],[1],[0],0,Si
651,"['P', 'N', 'O', 'H']","[1, 3, 4, 12]","[5, -3, -2, 1]",0,PH12N3O4
652,"['Na', 'C', 'O']","[2, 1, 3]","[1, 4, -2]",0,Na2CO3
653,"['Fe', 'S']","[1, 1]","[2, -2]",0,FeS
654,"['Ni', 'Cl']","[1, 2]","[2, -1]",0,NiCl2
655,"['H', 'O', 'Si', 'C', 'C']","[20, 4, 1, 2, 6]","[1, -2.0, 4.0, 4.0, -4.0]",0,SiH20(C2O)4
656,"['Pb', 'C', 'O', 'H']","[1, 1, 4, 1]","[4, 3, -2, 1]",0,HPbCO4
657,"['Te', 'O', 'H']","[1, 4, 2]","[6, -2, 1]",0,Te(HO2)2
658,"['V', 'S']","[2, 3]","[3, -2]",0,V2S3
659,"['Cu', 'Br']","[1, 1]","[1, -1]",0,CuBr
660,"['Mo', 'Mo', 'S']","[1, 2, 4]","[2.0, 3.0, -2.0]",0,Mo3S4
661,"['Ni', 'O']","[1, 1]","[2, -2]",0,NiO
662,"['Fe', 'O', 'H']","[1, 2, 1]","[3, -2, 1]",0,FeHO2
663,"['Cr', 'O']","[2, 3]","[3, -2]",0,Cr2O3
664,"['Fe', 'C', 'O']","[1, 2, 4]","[2, 3, -2]",0,Fe(CO2)2
665,"['Mn', 'N', 'O']","[1, 2, 6]","[2, 5, -2]",0,Mn(NO3)2
666,"['Li', 'H']","[1, 1]","[1, -1]",0,LiH
667,"['V', 'O']","[2, 1]","[1, -2]",0,V2O
668,"['Ag', 'F']","[1, 1]","[1, -1]",0,AgF
669,"['Zr', 'O']","[1, 1]","[2, -2]",0,ZrO
670,"['Li', 'F']","[1, 1]","[1, -1]",0,LiF
671,"['Pr', 'F']","[1, 3]","[3, -1]",0,PrF3
672,"['Cr', 'O']","[1, 2]","[4, -2]",0,CrO2
673,"['Ni', 'C', 'C', 'C', 'O', 'H']","[1, 1, 1, 2, 4, 8]","[2.0, 2.0, 4.0, -4.0, -2.0, 1]",0,NiH8(CO)4
674,"['Ba', 'O', 'H']","[1, 2, 2]","[2, -2, 1]",0,Ba(HO)2
675,"['O', 'Pb', 'P']","[7, 2, 2]","[-2.0, 2.0, 5.0]",0,P2Pb2O7
676,"['Be', 'O']","[1, 1]","[2, -2]",0,BeO
677,"['C', 'O', 'H']","[6, 7, 8]","[1, -2, 1]",0,H8C6O7
678,"['Co', 'Se']","[1, 1]","[2, -2]",0,CoSe
679,"['O', 'Al', 'C', 'C', 'H']","[3, 1, 1, 2, 7]","[-2.0, 3.0, 4.0, -4.0, 1]",0,AlH7(CO)3
680,"['H', 'O', 'Ni', 'C']","[4, 7, 3, 1]","[1, -2.0, 2.0, 4.0]",0,Ni3H4CO7
681,"['Te', 'O', 'H']","[1, 6, 6]","[6, -2, 1]",0,Te(HO)6
682,"['Hf', 'O']","[1, 2]","[4, -2]",0,HfO2
683,"['K', 'S', 'S']","[2, 1, 2]","[1, 2.0, -2.0]",0,K2S3
684,"['As', 'Se']","[2, 3]","[3.0, -2.0]",0,As2Se3
685,"['Rb', 'S', 'O']","[2, 1, 4]","[1, 6, -2]",0,Rb2SO4
686,"['Ce', 'P', 'O']","[1, 3, 9]","[3, 5, -2]",0,Ce(PO3)3
687,"['Tl', 'Se']","[1, 1]","[1, -1]",0,TlSe
688,"['Cl', 'Sb']","[3, 1]","[-1, 3]",0,SbCl3
689,"['Zn', 'S', 'O']","[1, 1, 4]","[2, 6, -2]",0,ZnSO4
690,"['Pb', 'F']","[1, 2]","[2, -1]",0,PbF2
691,"['Ti', 'C', 'O', 'H']","[3, 24, 28, 20]","[4, 1, -2, 1]",0,Ti3H20(C6O7)4
692,"['Al', 'S']","[2, 3]","[3, -2]",0,Al2S3
693,"['U', 'N', 'O']","[1, 2, 8]","[6, 5, -2]",0,U(NO4)2
694,"['Se', 'P']","[5, 2]","[-2, 5]",0,P2Se5
695,['Sc'],[1],[0],0,Sc
696,"['Hg', 'I']","[1, 1]","[1, -1]",0,HgI
697,"['Cd', 'Se']","[1, 1]","[2, -2]",0,CdSe
698,['Rb'],[1],[0],0,Rb
699,"['Bi', 'N', 'O']","[1, 3, 9]","[3, 5, -2]",0,Bi(NO3)3
700,"['Ce', 'N', 'O']","[1, 4, 12]","[4, 5, -2]",0,Ce(NO3)4
701,"['Rh', 'O']","[1, 2]","[4, -2]",0,RhO2
702,"['Co', 'N', 'O']","[1, 2, 6]","[2, 5, -2]",0,Co(NO3)2
703,"['Si', 'O', 'H']","[1, 3, 2]","[4, -2, 1]",0,SiH2O3
704,"['Y', 'F']","[1, 3]","[3, -1]",0,YF3
705,"['O', 'Ge']","[4, 1]","[-2.0, 0.0]",-8,GeO4
706,"['Cl', 'Te']","[4, 1]","[-1, 4]",0,TeCl4
707,"['Mo', 'N', 'O', 'H']","[1, 2, 4, 8]","[6, -3, -2, 1]",0,MoH8(NO2)2
708,"['Fe', 'P']","[2, 1]","[0.0, 0.0]",0,Fe2P
709,"['Ti', 'O']","[1, 2]","[4, -2]",0,TiO2
710,"['Fe', 'P', 'O']","[3, 2, 8]","[2, 5, -2]",0,Fe3(PO4)2
711,"['Sr', 'N', 'C']","[1, 2, 1]","[2, -3, 4]",0,SrCN2
712,"['Cu', 'Se']","[2, 1]","[1, -2]",0,Cu2Se
713,"['F', 'Ti']","[3, 1]","[-1, 3.0]",0,TiF3
714,"['Na', 'Br']","[1, 1]","[1, -1]",0,NaBr
715,"['C', 'O', 'H']","[1, 2, 1]","[3, -2, 1]",0,HCO2
716,"['Co', 'Co', 'P']","[1, 1, 1]","[1, 2.0, -3.0]",0,Co2P
717,"['Mg', 'C', 'O']","[1, 2, 4]","[2, 3, -2]",0,Mg(CO2)2
718,"['Ba', 'S', 'O']","[1, 1, 4]","[2, 6, -2]",0,BaSO4
719,"['Gd', 'Cl']","[1, 3]","[3, -1]",0,GdCl3
720,"['Fe', 'P', 'O']","[1, 2, 6]","[2, 5, -2]",0,Fe(PO3)2
721,"['Ta', 'S']","[1, 2]","[4.0, -2.0]",0,TaS2
722,"['O', 'Ni', 'N', 'H']","[79, 1, 26, 2]","[-2.0, 0.0, 0.0, 0.0]",-158,NiH2N26O79
723,"['Al', 'C', 'O']","[2, 3, 9]","[3, 4, -2]",0,Al2(CO3)3
724,"['Ca', 'P', 'O', 'H']","[1, 1, 4, 1]","[2, 5, -2, 1]",0,CaPHO4
725,"['Sr', 'P', 'O']","[2, 2, 7]","[2, 5, -2]",0,Sr2P2O7
726,"['O', 'Tb']","[7, 2]","[-2.0, 0.0]",-14,Tb2O7
727,"['Rh', 'O']","[2, 3]","[3, -2]",0,Rh2O3
728,"['Li', 'P', 'O']","[1, 1, 3]","[1, 5, -2]",0,LiPO3
729,"['Mn', 'S']","[1, 1]","[2, -2]",0,MnS
730,"['Hg', 'Br']","[1, 1]","[1, -1]",0,HgBr
731,"['Al', 'P', 'O']","[1, 1, 4]","[3, 5, -2]",0,AlPO4
732,"['In', 'O']","[2, 3]","[3, -2]",0,In2O3
733,['Se'],[1],[0],0,Se
734,"['Nb', 'C', 'O', 'H']","[1, 10, 20, 5]","[5, 3, -2, 1]",0,NbH5(CO2)10
735,"['Hg', 'O']","[1, 1]","[2, -2]",0,HgO
736,"['Ga', 'N', 'O']","[1, 3, 9]","[3, 5, -2]",0,Ga(NO3)3
737,"['Cr', 'Cl']","[1, 3]","[3, -1]",0,CrCl3
738,"['O', 'Pb', 'Pb']","[4, 2, 1]","[-2.0, 2.0, 4.0]",0,Pb3O4
739,"['Zr', 'F']","[1, 4]","[4, -1]",0,ZrF4
740,"['Zn', 'Se']","[1, 1]","[2, -2]",0,ZnSe
741,"['Ag', 'C', 'O']","[2, 1, 3]","[1, 4, -2]",0,Ag2CO3
742,"['Fe', 'C', 'O', 'H']","[1, 6, 7, 5]","[3, 1, -2, 1]",0,FeH5C6O7
743,"['O', 'Co', 'C', 'C']","[4, 1, 1, 1]","[-2.0, 2.0, 2.0, 4.0]",0,Co(CO2)2
744,"['Cu', 'O']","[2, 1]","[1, -2]",0,Cu2O
745,['Hg'],[1],[0],0,Hg
746,"['Sr', 'F']","[1, 2]","[2, -1]",0,SrF2
747,"['La', 'S', 'O']","[2, 1, 2]","[3, -2, -2]",0,La2SO2
748,"['Eu', 'Se']","[1, 1]","[2, -2]",0,EuSe
749,"['Co', 'C', 'O']","[2, 3, 9]","[3, 4, -2]",0,Co2(CO3)3
750,"['Sm', 'Cl']","[1, 3]","[3, -1]",0,SmCl3
751,"['Cu', 'P', 'O']","[3, 2, 8]","[2, 5, -2]",0,Cu3(PO4)2
752,"['Pu', 'P', 'O']","[1, 1, 4]","[5, 3, -2]",0,PuPO4
753,"['Sn', 'O']","[1, 2]","[4, -2]",0,SnO2
754,"['Cl', 'H']","[1, 1]","[-1, 1]",0,HCl
755,"['Fe', 'P']","[1, 1]","[3, -3]",0,FeP
756,['Ni'],[1],[0],0,Ni
757,"['Ba', 'N', 'O']","[1, 2, 6]","[2, 5, -2]",0,Ba(NO3)2
758,"['O', 'Co', 'C', 'C', 'C', 'H']","[6, 1, 3, 2, 1, 9]","[-2.0, 2.0, 4.0, -4.0, -3.0, 1]",0,CoH9(CO)6
759,"['Ba', 'N']","[3, 2]","[2, -3]",0,Ba3N2
760,"['Sn', 'F']","[1, 2]","[2, -1]",0,SnF2
761,"['Rb', 'O']","[2, 1]","[1, -2]",0,Rb2O
762,"['Y', 'N', 'O']","[1, 3, 9]","[3, 5, -2]",0,Y(NO3)3
763,"['O', 'Zn', 'N', 'H']","[79, 1, 26, 2]","[-2.0, 1.0, 0.0, 0.0]",-158,ZnH2N26O79
764,"['Li', 'O', 'C', 'C', 'H']","[1, 2, 1, 1, 3]","[1, -2.0, 4.0, -4.0, 1]",0,LiH3(CO)2
765,"['Nb', 'Nb', 'O']","[1, 1, 3]","[2.0, 4.0, -2.0]",0,Nb2O3
766,"['H', 'O', 'N', 'Re']","[4, 4, 1, 1]","[1, -2.0, -3.0, 7.0]",0,ReH4NO4
767,"['Ca', 'P', 'O', 'H']","[1, 2, 8, 4]","[2, 5, -2, 1]",0,CaP2(HO2)4
768,"['Ga', 'P']","[1, 1]","[3, -3]",0,GaP
769,"['O', 'Sb']","[2, 1]","[-2.0, 0.0]",-4,SbO2
770,['Cd'],[1],[0],0,Cd
771,"['Cs', 'O']","[2, 1]","[1, -2]",0,Cs2O
772,"['Na', 'P']","[1, 1]","[1, -1]",0,NaP
773,"['Ru', 'O']","[1, 2]","[4, -2]",0,RuO2
774,"['Al', 'F']","[1, 3]","[3, -1]",0,AlF3
775,"['Rb', 'I']","[1, 1]","[1, -1]",0,RbI
776,"['Cs', 'H']","[1, 1]","[1, -1]",0,CsH
777,"['O', 'Ni', 'S']","[4, 1, 1]","[-2.0, 2.0, 6.0]",0,NiSO4
778,"['Fe', 'N', 'O']","[1, 3, 9]","[3, 5, -2]",0,Fe(NO3)3
779,"['Re', 'O']","[1, 3]","[6, -2]",0,ReO3
780,"['Cr', 'Cr', 'C']","[1, 2, 2]","[2.0, 3.0, -4.0]",0,Cr3C2
781,"['Ca', 'S']","[1, 1]","[2, -2]",0,CaS
782,"['Ca', 'F']","[1, 2]","[2, -1]",0,CaF2
783,"['O', 'Pb', 'S']","[4, 1, 1]","[-2.0, 2.0, 6.0]",0,PbSO4
784,"['Rb', 'P', 'O', 'H']","[1, 1, 4, 2]","[1, 5, -2, 1]",0,RbP(HO2)2
785,"['U', 'O']","[1, 3]","[6, -2]",0,UO3
786,"['Si', 'C']","[1, 1]","[4.0, -4.0]",0,SiC
787,"['V', 'Cl']","[1, 3]","[3, -1]",0,VCl3
788,"['Li', 'N', 'H']","[1, 1, 2]","[1, -3, 1]",0,LiH2N
789,"['Pb', 'P', 'O']","[3, 2, 8]","[2, 5, -2]",0,P2Pb3O8
790,"['Ce', 'N']","[1, 1]","[3, -3]",0,CeN
791,"['Si', 'O', 'H']","[1, 4, 4]","[4, -2, 1]",0,Si(HO)4
792,['Mg'],[1],[0],0,Mg
793,"['O', 'U', 'C', 'C', 'H']","[6, 1, 2, 2, 6]","[-2.0, 6.0, 4.0, -4.0, 1]",0,UH6(C2O3)2
794,"['La', 'Cl']","[1, 3]","[3, -1]",0,LaCl3
795,"['Sr', 'C', 'O']","[1, 1, 3]","[2, 4, -2]",0,SrCO3
796,"['Ti', 'O', 'H']","[1, 3, 2]","[4, -2, 1]",0,TiH2O3
797,"['W', 'O']","[1, 2]","[4, -2]",0,WO2